{
  "swagger": "2.0",
  "info": {
    "title": "GenerateWords",
    "description": "",
    "version": "1.0"
  },
  "host": "random-word-api.herokuapp.com",
  "basePath": "/",
  "schemes": [
    "https"
  ],
  "consumes": [],
  "produces": [],
  "paths": {
    "/word": {
      "get": {
        "responses": {
          "default": {
            "description": "default",
            "schema": {}
          }
        },
        "summary": "Generate",
        "description": "GenWord",
        "operationId": "CreateWords",
        "parameters": [
          {
            "name": "number",
            "in": "query",
            "required": false,
            "type": "integer"
          }
        ]
      }
    }
  },
  "definitions": {},
  "parameters": {},
  "responses": {},
  "securityDefinitions": {},
  "security": [],
  "tags": []
}